{
	"textures": {
		"0": "animated_java:item/yuji/yuji_itadori"
	},
	"elements": [
		{
			"from": [
				5,
				-2,
				6
			],
			"to": [
				8,
				10,
				10
			],
			"rotation": {
				"angle": 0,
				"axis": "y",
				"origin": [
					5,
					9,
					8
				]
			},
			"faces": {
				"north": {
					"uv": [
						9,
						13,
						9.75,
						16
					],
					"texture": "#0"
				},
				"east": {
					"uv": [
						8,
						13,
						9,
						16
					],
					"texture": "#0"
				},
				"south": {
					"uv": [
						10.75,
						13,
						11.5,
						16
					],
					"texture": "#0"
				},
				"west": {
					"uv": [
						9.75,
						13,
						10.75,
						16
					],
					"texture": "#0"
				},
				"up": {
					"uv": [
						9.75,
						13,
						9,
						12
					],
					"texture": "#0"
				},
				"down": {
					"uv": [
						10.5,
						12,
						9.75,
						13
					],
					"texture": "#0"
				}
			}
		},
		{
			"from": [
				4.75,
				-2.25,
				5.75
			],
			"to": [
				8.25,
				10.25,
				10.25
			],
			"rotation": {
				"angle": 0,
				"axis": "y",
				"origin": [
					5,
					9,
					8
				]
			},
			"faces": {
				"north": {
					"uv": [
						13,
						13,
						13.75,
						16
					],
					"texture": "#0"
				},
				"east": {
					"uv": [
						12,
						13,
						13,
						16
					],
					"texture": "#0"
				},
				"south": {
					"uv": [
						14.75,
						13,
						15.5,
						16
					],
					"texture": "#0"
				},
				"west": {
					"uv": [
						13.75,
						13,
						14.75,
						16
					],
					"texture": "#0"
				},
				"up": {
					"uv": [
						13.75,
						13,
						13,
						12
					],
					"texture": "#0"
				},
				"down": {
					"uv": [
						14.5,
						12,
						13.75,
						13
					],
					"texture": "#0"
				}
			}
		}
	],
	"display": {
		"head": {
			"rotation": [
				0,
				180,
				0
			]
		}
	}
}