{
	"textures": {
		"0": "animated_java:item/yuji/yuji_itadori"
	},
	"elements": [
		{
			"from": [
				4,
				-4,
				6
			],
			"to": [
				12,
				8,
				10
			],
			"rotation": {
				"angle": 0,
				"axis": "y",
				"origin": [
					8,
					-4,
					8
				]
			},
			"faces": {
				"north": {
					"uv": [
						5,
						5,
						7,
						8
					],
					"texture": "#0"
				},
				"east": {
					"uv": [
						4,
						5,
						5,
						8
					],
					"texture": "#0"
				},
				"south": {
					"uv": [
						8,
						5,
						10,
						8
					],
					"texture": "#0"
				},
				"west": {
					"uv": [
						7,
						5,
						8,
						8
					],
					"texture": "#0"
				},
				"up": {
					"uv": [
						7,
						5,
						5,
						4
					],
					"texture": "#0"
				},
				"down": {
					"uv": [
						9,
						4,
						7,
						5
					],
					"texture": "#0"
				}
			}
		},
		{
			"from": [
				3.75,
				-4.25,
				5.75
			],
			"to": [
				12.25,
				8.25,
				10.25
			],
			"rotation": {
				"angle": 0,
				"axis": "y",
				"origin": [
					8,
					-4,
					8
				]
			},
			"faces": {
				"north": {
					"uv": [
						5,
						8.75,
						7,
						11.75
					],
					"texture": "#0"
				},
				"east": {
					"uv": [
						4,
						8.75,
						5,
						11.75
					],
					"texture": "#0"
				},
				"south": {
					"uv": [
						8,
						8.75,
						10,
						11.75
					],
					"texture": "#0"
				},
				"west": {
					"uv": [
						7,
						8.75,
						8,
						11.75
					],
					"texture": "#0"
				},
				"up": {
					"uv": [
						7,
						8.75,
						5,
						7.75
					],
					"texture": "#0"
				},
				"down": {
					"uv": [
						9,
						7.75,
						7,
						8.75
					],
					"texture": "#0"
				}
			}
		}
	],
	"display": {
		"head": {
			"rotation": [
				0,
				180,
				0
			]
		}
	}
}