{
	"parent": "item/generated",
	"textures": {
		"layer0": "minecraft:item/white_dye"
	},
	"overrides": [
		{
			"predicate": {
				"custom_model_data": 1
			},
			"model": "item/animated_java_empty"
		},
		{
			"predicate": {
				"custom_model_data": 2
			},
			"model": "animated_java:item/test/head"
		},
		{
			"predicate": {
				"custom_model_data": 3
			},
			"model": "animated_java:item/test/body"
		},
		{
			"predicate": {
				"custom_model_data": 4
			},
			"model": "animated_java:item/test/armr"
		},
		{
			"predicate": {
				"custom_model_data": 5
			},
			"model": "animated_java:item/test/arml"
		},
		{
			"predicate": {
				"custom_model_data": 6
			},
			"model": "animated_java:item/test/legr"
		},
		{
			"predicate": {
				"custom_model_data": 7
			},
			"model": "animated_java:item/test/legl"
		},
		{
			"predicate": {
				"custom_model_data": 8
			},
			"model": "animated_java:item/yuji/head"
		},
		{
			"predicate": {
				"custom_model_data": 9
			},
			"model": "animated_java:item/yuji/body"
		},
		{
			"predicate": {
				"custom_model_data": 10
			},
			"model": "animated_java:item/yuji/armr"
		},
		{
			"predicate": {
				"custom_model_data": 11
			},
			"model": "animated_java:item/yuji/arml"
		},
		{
			"predicate": {
				"custom_model_data": 12
			},
			"model": "animated_java:item/yuji/legr"
		},
		{
			"predicate": {
				"custom_model_data": 13
			},
			"model": "animated_java:item/yuji/legl"
		}
	],
	"animated_java": {
		"rigs": {
			"test": {
				"used_ids": [
					2,
					3,
					4,
					5,
					6,
					7
				]
			},
			"yuji": {
				"used_ids": [
					8,
					9,
					10,
					11,
					12,
					13
				]
			}
		}
	}
}