{
	"format_version": "1.21.6",
	"credit": "Made with Blockbench",
	"texture_size": [64, 64],
	"textures": {
		"2": "item/yuji_skin"
	},
	"elements": [
		{
			"from": [6, 0, 7],
			"to": [10, 12, 10],
			"rotation": {"angle": 0, "axis": "y", "origin": [7, 0, 10]},
			"faces": {
				"north": {"uv": [10, 5, 11, 8], "texture": "#2"},
				"east": {"uv": [12.75, 5, 13.5, 8], "texture": "#2"},
				"south": {"uv": [11.75, 5, 12.75, 8], "texture": "#2"},
				"west": {"uv": [11, 5, 11.75, 8], "texture": "#2"},
				"up": {"uv": [11.75, 4, 11, 5], "rotation": 270, "texture": "#2"},
				"down": {"uv": [12.5, 4, 11.75, 5], "rotation": 90, "texture": "#2"}
			}
		},
		{
			"from": [5.75, -0.25, 6.75],
			"to": [10.25, 12.25, 10.25],
			"rotation": {"angle": 0, "axis": "y", "origin": [7, 0, 10]},
			"faces": {
				"north": {"uv": [10, 9, 11, 12], "texture": "#2"},
				"east": {"uv": [12.75, 9, 13.5, 12], "texture": "#2"},
				"south": {"uv": [11.75, 9, 12.75, 12], "texture": "#2"},
				"west": {"uv": [11, 9, 11.75, 12], "texture": "#2"},
				"up": {"uv": [11.75, 8, 11, 9], "rotation": 270, "texture": "#2"},
				"down": {"uv": [12.5, 8, 11.75, 9], "rotation": 90, "texture": "#2"}
			}
		}
	],
	"display": {
		"thirdperson_righthand": {
			"scale": [0, 0, 0]
		},
		"thirdperson_lefthand": {
			"scale": [0, 0, 0]
		},
		"firstperson_righthand": {
			"rotation": [137, -19, 23],
			"translation": [0, -3.25, -0.25]
		},
		"firstperson_lefthand": {
			"rotation": [137, -19, 23],
			"translation": [0, -3.25, -0.25]
		},
		"ground": {
			"scale": [0, 0, 0]
		},
		"gui": {
			"scale": [0, 0, 0]
		},
		"head": {
			"scale": [0, 0, 0]
		},
		"fixed": {
			"scale": [0, 0, 0]
		}
	},
	"groups": [
		{
			"name": "hand",
			"origin": [8, 8, 8],
			"color": 0,
			"children": [0, 1]
		}
	]
}